No.,ID
1,Student-19
2,Student-23
3,Student-44
4,Student-03
5,Student-21
6,Student-43
7,Student-29
8,Student-32
9,Student-49
10,Student-45
11,Student-02
12,Student-40
13,Student-50
14,Student-38
15,Student-35
16,Student-48
17,Student-37
18,Student-16
19,Student-41
20,Student-25
21,Student-22
22,Student-42
23,Student-20
24,Student-09
25,Student-18
26,Student-12
27,Student-06
28,Student-34
29,Student-33
30,Student-31
31,Student-27
32,Student-11
33,Student-10
34,Student-39
35,Student-36
36,Student-47
37,Student-05
38,Student-08
39,Student-30
40,Student-07
41,Student-15
42,Student-26
43,Student-13
44,Student-24
45,Student-14
